2020-01-01, 비
2020-01-02, 흐림
2020-01-03, 맑음
2020-01-04, 맑음
2020-01-05, 구름조금
2020-01-06, 비
2020-01-07, 비
2020-01-08, 비
2020-01-09, 맑음
2020-01-10, 구름조금
2020-01-11, 구름조금
2020-01-12, 구름조금
2020-01-13, 맑음
2020-01-14, 맑음
2020-01-15, 맑음
2020-01-16, 구름조금
2020-01-17, 구름조금
2020-01-18, 맑음
2020-01-19, 눈
2020-01-20, 맑음
2020-01-21, 구름조금
2020-01-22, 흐림
2020-01-23, 구름조금
2020-01-24, 구름조금
2020-01-25, 구름많음
2020-01-26, 구름많음
2020-01-27, 비
2020-01-28, 구름많음
2020-01-29, 구름많음
2020-01-30, 구름조금
2020-01-31, 구름조금
2020-02-01, 구름조금
2020-02-02, 구름많음
2020-02-03, 맑음
2020-02-04, 눈
2020-02-05, 맑음
2020-02-06, 맑음
2020-02-07, 흐림
2020-02-08, 맑음
2020-02-09, 구름조금
2020-02-10, 맑음
2020-02-11, 맑음
2020-02-12, 비
2020-02-13, 흐림
2020-02-14, 맑음
2020-02-15, 비
2020-02-16, 눈
2020-02-17, 눈
2020-02-18, 맑음
2020-02-19, 구름많음
2020-02-20, 맑음
2020-02-21, 비
2020-02-22, 비
2020-02-23, 맑음
2020-02-24, 구름많음
2020-02-25, 비
2020-02-26, 구름조금
2020-02-27, 구름조금
2020-02-28, 비
2020-02-29, 비
2020-03-01, 비
2020-03-02, 맑음
2020-03-03, 구름많음
2020-03-04, 구름조금
2020-03-05, 맑음
2020-03-06, 맑음
2020-03-07, 구름조금
2020-03-08, 맑음
2020-03-09, 구름많음
2020-03-10, 비
2020-03-11, 맑음
2020-03-12, 구름조금
2020-03-13, 비
2020-03-14, 맑음
2020-03-15, 구름조금
2020-03-16, 맑음
2020-03-17, 구름조금
2020-03-18, 맑음
2020-03-19, 구름조금
2020-03-20, 맑음
2020-03-21, 구름많음
2020-03-22, 맑음
2020-03-23, 맑음
2020-03-24, 맑음
2020-03-25, 구름조금
2020-03-26, 비
2020-03-27, 비
2020-03-28, 구름조금
2020-03-29, 맑음
2020-03-30, 맑음
2020-03-31, 구름조금
2020-04-01, 구름조금
2020-04-02, 구름조금
2020-04-03, 맑음
2020-04-04, 맑음
2020-04-05, 맑음
2020-04-06, 구름조금
2020-04-07, 맑음
2020-04-08, 맑음
2020-04-09, 맑음
2020-04-10, 구름조금
2020-04-11, 구름조금
2020-04-12, 구름조금
2020-04-13, 맑음
2020-04-14, 맑음
2020-04-15, 구름조금
2020-04-16, 구름조금
2020-04-17, 비
2020-04-18, 구름조금
2020-04-19, 비
2020-04-20, 비
2020-04-21, 구름조금
2020-04-22, 구름조금
2020-04-23, 맑음
2020-04-24, 맑음
2020-04-25, 구름조금
2020-04-26, 맑음
2020-04-27, 구름조금
2020-04-28, 맑음
2020-04-29, 맑음
2020-04-30, 구름조금
2020-05-01, 구름많음
2020-05-02, 흐림
2020-05-03, 구름많음
2020-05-04, 구름조금
2020-05-05, 구름조금
2020-05-06, 맑음
2020-05-07, 구름많음
2020-05-08, 비
2020-05-09, 비
2020-05-10, 비
2020-05-11, 비
2020-05-12, 비
2020-05-13, 맑음
2020-05-14, 흐림
2020-05-15, 비
2020-05-16, 비
2020-05-17, 구름많음
2020-05-18, 비
2020-05-19, 비
2020-05-20, 구름많음
2020-05-21, 구름조금
2020-05-22, 흐림
2020-05-23, 구름많음
2020-05-24, 비
2020-05-25, 흐림
2020-05-26, 비
2020-05-27, 맑음
2020-05-28, 구름조금
2020-05-29, 맑음
2020-05-30, 맑음
2020-05-31, 비
2020-06-01, 비
2020-06-02, 비
2020-06-03, 구름많음
2020-06-04, 비
2020-06-05, 구름조금
2020-06-06, 맑음
2020-06-07, 구름조금
2020-06-08, 구름조금
2020-06-09, 구름조금
2020-06-10, 비
2020-06-11, 구름많음
2020-06-12, 흐림
2020-06-13, 구름조금
2020-06-14, 비
2020-06-15, 구름많음
2020-06-16, 구름많음
2020-06-17, 구름많음
2020-06-18, 흐림
2020-06-19, 비
2020-06-20, 맑음
2020-06-21, 맑음
2020-06-22, 맑음
2020-06-23, 구름많음
2020-06-24, 비
2020-06-25, 비
2020-06-26, 비
2020-06-27, 구름많음
2020-06-28, 맑음
2020-06-29, 비
2020-06-30, 비
2020-07-01, 흐림
2020-07-02, 구름많음
2020-07-03, 비
2020-07-04, 비
2020-07-05, 구름조금
2020-07-06, 구름많음
2020-07-07, 구름많음
2020-07-08, 구름조금
2020-07-09, 구름조금
2020-07-10, 비
2020-07-11, 구름많음
2020-07-12, 비
2020-07-13, 비
2020-07-14, 비
2020-07-15, 구름조금
2020-07-16, 구름조금
2020-07-17, 구름조금
2020-07-18, 구름조금
2020-07-19, 비
2020-07-20, 비
2020-07-21, 구름많음
2020-07-22, 비
2020-07-23, 비
2020-07-24, 비
2020-07-25, 흐림
2020-07-26, 구름많음
2020-07-27, 비
2020-07-28, 비
2020-07-29, 비
2020-07-30, 비
2020-07-31, 비
2020-08-01, 비
2020-08-02, 비
2020-08-03, 비
2020-08-04, 비
2020-08-05, 비
2020-08-06, 비
2020-08-07, 흐림
2020-08-08, 비
2020-08-09, 비
2020-08-10, 비
2020-08-11, 비
2020-08-12, 흐림
2020-08-13, 흐림
2020-08-14, 비
2020-08-15, 비
2020-08-16, 흐림
2020-08-17, 구름조금
2020-08-18, 구름조금
2020-08-19, 맑음
2020-08-20, 구름많음
2020-08-21, 비
2020-08-22, 비
2020-08-23, 구름많음
2020-08-24, 구름많음
2020-08-25, 구름많음
2020-08-26, 비
2020-08-27, 비
2020-08-28, 비
2020-08-29, 비
2020-08-30, 비
2020-08-31, 흐림
2020-09-01, 흐림
2020-09-02, 비
2020-09-03, 비
2020-09-04, 맑음
2020-09-05, 흐림
2020-09-06, 비
2020-09-07, 비
2020-09-08, 구름조금
2020-09-09, 비
2020-09-10, 비
2020-09-11, 비
2020-09-12, 비
2020-09-13, 구름조금
2020-09-14, 구름조금
2020-09-15, 구름많음
2020-09-16, 비
2020-09-17, 흐림
2020-09-18, 구름조금
2020-09-19, 비
2020-09-20, 맑음
2020-09-21, 구름조금
2020-09-22, 구름조금
2020-09-23, 흐림
2020-09-24, 구름많음
